Amount,Time,Class
115.70748069556879,28.617356988288154,0
120.48170994782936,45.23029856408026,0
92.59542014059359,27.658630430508193,0
149.93909407130633,37.67434729152909,0
85.15391637336633,35.42560043585965,0
85.34544582692378,25.34270246429743,0
107.65151885976864,10.86719755342202,0
45.45330872617974,24.377124707590273,0
67.9714677464314,33.142473325952736,0
71.2857575108423,15.876962986647085,0
146.34788359613918,27.742236995134643,0
102.13542933115899,15.752518137865433,0
82.78510671652418,31.10922589709866,0
63.60238723120168,33.75698018345672,0
81.0061368903696,27.083062502067232,0
80.9723662217138,48.522781845089376,0
99.5731802773696,19.422890710440996,0
126.01115400029077,17.791563500289776,0
106.60484680505994,10.403298761202244,0
57.999069290211864,31.968612358691235,0
123.35236368700431,31.713682811899705,0
96.34288020166822,26.988963044107113,0
53.24502939793397,22.801557916052914,0
85.43332305186445,40.57122226218915,0
110.86616440727614,12.36959844637266,0
110.24843496435852,26.149177195836835,0
78.59384680755974,36.11676288840868,0
132.60306757633214,39.31280119116199,0
73.46161174291213,26.907876241487855,0
110.4754694875821,39.75545127122359,0
84.8471801233363,28.143410233361827,0
65.01461627037773,18.037933759193294,0
125.69432256467113,43.56240028570823,0
97.72284001220501,40.03532897892024,0
111.43593523120227,23.548802453948756,0
111.42833249782282,45.38036566465969,0
98.86708116870281,45.64643655814006,0
17.15638582001516,38.21902504375224,0
102.75266999272722,27.009926495341325,0
102.90173053717922,10.124310853991073,0
93.05336496524423,33.57112571511746,0
146.73511321781984,24.817297817263526,0
74.43318741181828,24.982429564154636,0
128.94755666880093,33.287511096596845,0
83.24751142381245,35.13267433113356,0
103.06986165607202,39.68644990532889,0
77.79913184979554,26.723378534022316,0
87.60045146980296,15.364850518678814,0
109.3641453688418,32.610552721798896,0
100.16170169706693,27.654128666248532,0
55.242047215580335,25.79354677234641,0
89.1624154057199,21.97722730778381,0
94.89969797094221,34.040508568145384,0
159.64643538322622,31.74577812831839,0
108.14445846950235,29.255540842338327,0
39.323126508857094,29.73486124550783,0
101.9046464736376,54.63242112485286,0
93.9170121838422,33.015473423336125,0
98.902317461162,18.313219623804677,0
136.139230558716,37.519330326867745,0
125.01462654613724,20.90612545205261,0
144.36025111284522,15.981489372077192,0
118.55805077435934,51.90455625809979,0
68.67649107453943,24.33702270397228,0
103.15125285621932,24.965243458838007,0
50.96371673499519,30.685629748060272,0
66.40700697770033,34.73592430635182,0
70.92525283865025,45.499344050175395,0
75.23135611391785,26.779384837943244,0
125.7256732265045,17.69135683566045,0
107.19291469781999,43.07142754282428,0
49.166916782518236,31.846338585323043,0
108.21821554513926,37.8182287177731,0
60.88418400260846,16.795433869157236,0
116.50524152863623,32.96984673233186,0
107.92127944680666,33.46448209496975,0
78.49573014590116,32.322536971610035,0
109.26776535122714,22.85648581973632,0
159.00097055504642,34.73832920911788,0
62.32767564315601,36.5655360863383,0
69.17785928464538,37.87084603742452,0
136.63800916664962,21.793176816482895,0
130.46462811848804,34.12780926936498,0
125.9958247926502,48.967929826539475,0
92.24014642693317,22.462638356425103,0
71.87108390797789,21.841897150345616,0
97.56182986758984,33.41151974816644,0
108.74973133495452,38.27183249036024,0
100.4111559222543,44.53534077157317,0
91.63081608640704,57.20169166589619,0
119.7853387653408,21.428424435837172,0
66.13540576939435,34.824724152431855,0
92.9334862608506,37.14000494092092,0
114.96508768140072,29.27171087343127,0
73.22203142581363,14.851527753141355,0
85.87995742147305,38.56398794323472,0
106.7702386424475,17.54261221288012,0
105.4764617298647,33.85317379728837,0
72.04997374727458,31.53725105945528,0
101.84072129968817,18.57029702169377,0
111.3142297671999,35.60784526368234,0
134.2490875111077,40.53802052034903,0
56.43426934611,20.621749600848773,0
116.28684519692797,35.13785950912209,0
116.28723792327027,68.52731490654722,0
118.05314308367119,41.35565640180599,0
130.16818464455793,36.51391251305798,0
90.03031110735675,37.589692204932675,0
75.56112088853001,27.63181393259991,0
84.6514569563996,30.818741393863224,0
173.19593076308996,11.327348074082519,0
121.70145269084223,13.872841288103483,0
85.07620403692493,40.889505969673664,0
102.03271268380779,19.222552220706937,0
77.38011059971625,36.79597748934676,0
76.90377916788472,32.16458589581975,0
101.441108112606,23.48399652394183,0
167.79746498323516,36.33919022318011,0
35.95936839557042,31.864543147694278,0
79.07247446661118,38.52433334796224,0
74.93829373634124,28.85263558533101,0
115.96909990989117,38.657551941701215,0
62.04329486387147,26.654987641590516,0
84.98091052713988,23.46670767426288,0
155.8285650409045,34.049817109609556,0
60.1273483914152,39.17861947054776,0
167.10847133200934,40.32465260551147,0
51.95330299132832,25.157659271337486,0
140.06324824491105,22.923305343812192,0
114.03480262775523,37.74634053429337,0
70.68788477199287,29.404746439382,0
-2.497873001338135,19.756123586657104,0
92.01309377179385,17.522168180351507,0
151.62137798629345,15.698586220393674,0
86.08457150237867,31.307405772860914,0
145.5770632421118,15.641378488205607,0
136.78246748557257,30.10233061019587,0
68.96197119529063,34.62103474263271,0
106.29482028351903,23.997831228412053,0
102.20733573997111,26.1468640313824,0
103.58973364929643,36.62130674521047,0
150.15425546347825,17.62184501173151,0
167.45243789069082,10.479122004774982,0
95.20013384822441,35.883172064845766,0
108.88574306027482,23.773004801794063,0
93.41859657111218,25.069990653411672,0
81.36264995424753,38.496020970210246,0
111.28982095601427,23.07090404739346,0
128.44784589172826,33.072995208766095,0
125.70495719201577,36.29628841923612,0
73.78487596570089,24.398189598030307,0
123.63149873067981,36.10370265433465,0
99.33903356345265,31.17327383308782,0
140.40331157133096,24.084286111641703,0
117.30073826410636,27.97807347566106,0
93.11631593995989,40.9877685198719,0
126.10195680742594,38.135096360006386,0
141.282864676874,30.210038416327592,0
121.56524646411512,26.89733243406544,0
110.25104014652469,28.698569456323153,0
103.06728173222947,35.95157025436914,0
74.12559012323082,50.92387275685461,0
68.18693708742403,17.85811387212268,0
136.62268143267352,37.91662693962936,0
119.73640154732406,36.2834550926428,0
99.61272303817046,21.027456285141685,0
102.39715060914955,23.228382884878883,0
130.83599348976298,28.529426184978615,0
73.8954865605142,26.786141583470066,0
113.05803913036647,24.36275447196025,0
73.99910811365466,32.436872114919126,0
107.74652315305163,24.9305682462887,0
85.10446089059613,32.32049937357636,0
54.20755236843374,15.925362256234447,0
77.28079889056353,27.865528482881526,0
109.83176049067905,44.753562169495524,0
127.12157866480176,28.40061470036573,0
99.39865470568209,19.97470635362191,0
99.41456323631606,27.113413610798617,0
110.20525693878841,21.72769056447677,0
116.42317879871177,45.32738913002578,0
96.56070212218283,34.01711722098941,0
121.82426927287483,25.987795281141636,0
107.0864264904077,30.12592400781795,0
103.08878944373376,22.269902161445337,0
100.77507976505889,34.979982912454496,0
145.88919012626405,39.59270826085207,0
168.08960783655243,22.326524371119504,0
127.58520062005657,31.833420057383517,0
169.24764895885434,21.917017146448487,0
73.44566377716295,24.00607354555978,0
32.83651998487959,24.74244978319239,0
75.99411743264578,31.503937864762076,0
110.80727287429157,48.761708392158866,0
130.05504071187232,24.23096344337597,0
71.58963355227571,34.919191715065054,0
58.250560232261684,48.31458765854354,0
137.29717145263223,25.308243478952953,0
45.82592949792841,43.538723741654124,0
96.37793206158503,42.378163119734616,0
49.57977033840002,24.006249770462272,0
100.16582034475442,30.469805937647422,0
85.76768013928039,36.228499323474985,0
66.23887766624048,28.576205149787064,0
103.80408188778381,35.14438834058749,0
122.5032383162394,18.753579081621307,0
51.48705029735003,42.77676821898509,0
110.5086917624399,22.515134634434464,0
149.05173239720924,31.156746342928585,0
137.29265139864515,30.67518481410109,0
165.16657126092653,47.55340842443204,0
92.12706235081782,39.71570950954356,0
120.40857947783067,43.68631557532349,0
69.48644096835172,36.86051459998439,0
133.47032109739632,12.412605135768857,0
62.582080391929566,9.607678222398995,0
91.48060785939293,37.17542255795962,0
147.50870143439693,30.740947804197752,0
151.50134556763032,16.198985417851084,0
46.13431765304075,29.444523011033812,0
112.14521589223311,29.67305251905907,0
34.62174033352299,29.108799604872114,0
58.74905240182498,36.69672548830039,0
111.59285443888973,20.60120213672645,0
83.75010127006583,19.407864781110483,0
98.01791290933528,39.551423205012384,0
68.82860544627009,35.040465155178445,0
83.23178179286741,22.071271677376558,0
96.61540283755922,19.647576775806257,0
82.49207170132865,18.021221074111516,0
162.13006396192847,30.352635519717285,0
77.87273657825077,32.13979910734222,0
96.44787517852406,27.79030400466777,0
119.42165635166657,37.57507710047305,0
83.22408072217542,24.2418175935532,0
91.30210162705957,6.980788352644151,0
52.08545153122721,43.66874267444525,0
152.0184465210337,27.509639604436217,0
118.23233204085776,33.112501545435364,0
197.36275998899157,41.195749114345766,0
95.95489058117828,20.444595593995743,0
49.199706891897804,32.03463635867223,0
76.08208934935743,15.777462904023258,0
79.55357012489223,19.18451996385605,0
153.35210302129923,38.816397569494505,0
99.74788294471925,44.79944138890026,0
102.44660070879098,21.387157986717362,0
148.16541243214414,35.38910043684659,0
67.19939658077884,28.096613219163917,0
72.31051958485727,16.17200269035664,0
129.28830567908847,49.094166404701305,0
55.77341005075839,35.62969236690571,0
79.42487538911486,25.12874616235304,0
81.26685927359945,21.36009230320184,0
101.53438860084928,21.69049883588962,0
108.55259578203636,29.49761890550863,0
92.44379929453486,20.924363379584022,0
81.76088906318171,37.55391225825756,0
115.84039232018952,20.22444755201449,0
103.14116330391863,37.51387123371789,0
47.20876973742773,35.43360192379935,0
79.04599689988751,35.70598668593159,0
75.8636262034664,11.951178993354809,0
48.532589077060926,30.48084946661382,0
108.21314665036886,20.956833748955916,0
120.19406666343686,13.3847993773104,0
97.91037328949166,17.889838002375434,0
79.38713238206125,30.47398671316414,0
72.79134036452263,26.154444557701748,0
131.82177270166906,24.231081304768512,0
126.42690496762528,18.70293145342382,0
116.75387916085373,44.415686206579004,0
21.839738133694325,22.031047445295233,0
118.24862296088867,27.969546139570074,0
111.73666304025772,23.960148132841795,0
102.73820950524279,28.443227646079205,0
136.9285112553218,32.54420843301213,0
110.67593356293787,25.881230338775325,0
84.58053730656496,25.67441812180379,0
112.47367197848445,25.79015519179737,0
109.16348556442016,50.75400798645439,0
127.54738188882845,26.73976467832159,0
137.98571951142281,25.919246269784487,0
35.548843137660114,19.91913689082596,0
40.8403650131645,26.484865159586914,0
100.5824402904763,46.76437312275283,0
110.3383513055193,27.808994711911357,0
126.22810740595519,7.88864690992115,0
107.45078653517163,37.708651938869664,0
53.24299746338175,41.43754043206929,0
110.70419627466838,25.847120860991986,0
120.01031958947563,52.70692857804396,0
105.75111595509964,32.48220586300336,0
85.47373289429035,21.501556305352082,0
126.25752403095538,21.439161740911327,0
102.26312313181195,25.223425532348834,0
115.14667202629158,33.33662105286948,0
132.809893872591,24.89983601145253,0
91.46580521082385,20.212362842176926,0
85.95021349097932,33.77300493044852,0
123.93808191419362,20.778346758223748,0
127.49935374300298,43.55637858804951,0
113.07395958398185,48.76795812558066,0
75.53063701995188,17.55345296688583,0
43.75192693200861,44.96044311489183,0
120.69285896669855,29.44415329089545,0
108.85338532559197,18.745109527016233,0
177.34146847454878,31.292211819752275,0
103.45936715117762,37.25766623898692,0
115.21084747855764,32.23884024279131,0
75.00300288611525,34.714683571359956,0
159.51484021092642,43.454200461549775,0
150.38098477900786,24.88784323568815,0
68.70594784501345,28.74213079900352,0
101.76217645245382,40.94191518470949,0
46.479569108276785,45.29550319460614,0
95.0033515219351,25.7311893005258,0
67.99444944356098,13.451433281342307,0
126.03093948170522,30.733179671884038,0
59.20785464258163,17.04921227936384,0
89.38155546808471,46.69021525289393,0
91.79100068809953,14.968570468818939,0
92.22892198299692,27.272764302523296,0
14.716956170193711,29.457051334821877,0
92.69720894159617,36.96206364813418,0
158.4691255367783,41.26565029547757,0
91.49699300786531,18.934740912583298,0
181.3767821739233,30.592184340144883,0
100.44048288638274,29.758749128899968,0
106.26399013795985,28.556395880760576,0
81.8592145115527,24.531410587596078,0
98.9642506529849,24.565752288662352,0
77.45783706294759,31.06430227691897,0
91.93691241498134,45.039929885826886,0
16.168973971379287,40.91506851922462,0
139.40467366901868,9.266097675918505,0
89.16326676822864,26.285591340042085,0
55.49057211368098,22.221833124091248,0
64.880508139608,47.52270443423623,0
129.58874879752463,42.71555094994159,0
122.82127446091526,18.709482287827708,0
83.41321279637901,34.89374561227918,0
61.352925320704706,37.12998430172388,0
92.40024362233459,26.251791924504026,0
122.48252824723923,34.4426331148604,0
88.58524757753689,41.59329803364248,0
65.81377589903555,36.15935606944264,0
118.75550858291183,26.904535606860097,0
110.31323170479448,17.48886423614697,0
129.2203000022996,28.15097863557011,0
83.47004669756905,40.49009225836889,0
77.72669682316082,15.915387036364404,0
50.77506339398992,36.06009951345639,0
59.50926863177141,47.54794181984364,0
34.16361143401724,46.96456368290038,0
106.67295822440154,29.032868881296075,0
82.76814545184705,33.991361143520706,0
98.80988621274817,41.03301882016521,0
103.61219541537531,31.503017614618777,0
88.5015722435172,29.430543762789327,0
109.73354657527669,12.898316073433744,0
57.366633579104274,37.43264094022715,0
105.40323957886874,28.160166636473207,0
100.58293214721732,33.47581705361671,0
82.9313002109808,22.216952745976872,0
106.19317075045376,20.21627222384968,0
112.91008569098052,12.974163957621595,0
132.54475880751232,34.72597482413043,0
108.09637109159614,39.82690983945514,0
152.66692629305348,40.1437006501813,0
41.78644543080301,17.204230332642986,0
80.24150170094774,30.260910502108338,0
116.36981556014153,22.742561868465344,0
105.90608366967794,22.446170676466775,0
80.66210912803314,15.933389031517777,0
70.80480130698751,16.483153943836662,0
69.14017812953935,40.536417966078396,0
69.97737103258063,56.32382064837391,0
115.60008177316794,31.84836123694874,0
72.85634367301228,37.003098794089915,0
81.796733617404,31.220098146453616,0
180.9569814350989,29.0394010027535,0
136.34321365140596,22.968235748741126,0
98.89356678138445,47.7080063563551,0
80.17356079496246,48.12448557996929,0
122.38108134431783,24.375332241057322,0
119.99848865332868,39.7255444962673,0
119.66335752389584,14.297752801095436,0
77.00590353011091,27.52481364448495,0
97.64620829987197,36.206720975506784,0
105.61939905440789,16.64655641289899,0
112.02291170680184,36.10585745283823,0
117.70212827867978,40.807807255546216,0
126.37093399649481,34.59180079228437,0
97.781165381445,13.390390664840087,0
113.585720967643,32.076876871631114,0
108.58807689837435,17.232514241796906,0
65.81399052888037,40.53152853332904,0
98.74915620614577,36.81500697372624,0
100.89550568209603,30.29756139495745,0
129.6711391853566,24.839552717826262,0
103.039605855985,25.377247112949576,0
86.26002286563349,26.908278765313607,0
107.02448663606235,25.212513783365225,0
139.71049542520743,21.053926977804963,0
94.090599743496,25.60268941725825,0
145.75745838449512,31.965547765115748,0
132.62978935928393,15.144396269630281,0
108.44487089900383,38.89630795623437,0
102.60204821075209,40.654803750653514,0
83.64190290384468,44.0934744018558,0
172.6975417932416,26.37161439560341,0
85.91197329025654,44.53384477117701,0
149.95045709068464,24.771399728467316,0
86.71252615200514,27.182153911394927,0
57.484741837543446,20.813480535158018,0
68.24628085635588,22.322024348958713,0
98.90316755471326,32.342147325365204,0
149.03113070506018,20.01645959261209,0
131.12700731105858,27.86011155774491,0
98.43582015977056,36.74819492166604,0
64.49641232634463,33.82409746184051,0
105.26368099517843,34.92451264008149,0
109.14431542650878,54.55300139910894,0
79.83289094805929,24.690030449981823,0
80.29456634141404,24.445228808397452,0
79.844049264397,41.89016531107552,0
144.920288495926,24.29253706250524,0
73.6786056585585,34.71415556386404,0
82.53717403640111,36.32931817755511,0
106.41698935571947,14.84255885002768,0
148.93641127160424,47.95877673095522,0
80.6219201367739,26.12298440064016,0
109.03985738904672,33.34456789987025,0
120.82499841705126,50.102045387663495,0
94.40443735466836,22.017027554615463,0
56.382096190089655,22.69069960058081,0
98.95243313732188,47.94557863517788,0
83.6316935240718,32.237879516388986,0
99.4806624263387,41.88393273448084,0
179.9086195909524,24.691312270796793,0
84.52256584919361,40.44160877069072,0
121.56330224304223,48.46707325736034,0
118.46543055598957,26.407079092129404,0
118.67814575968826,41.087035805829075,0
125.94592472166649,35.07274031107298,0
133.7312154155482,41.692955904456724,0
143.7077050015884,36.48709887589643,0
94.71526228003786,31.467136864333227,0
138.15316351582214,21.83064329012764,0
111.65847368549132,26.066611876726395,0
100.90899111412268,42.78451862607299,0
106.04308313678338,30.464365481561487,0
56.99757304336419,37.46253566027221,0
120.41200206014503,51.6325472330546,0
90.2671976332207,32.19150327663939,0
107.88620451809018,45.77453279763475,0
96.98649066818889,32.790215257703395,0
119.22337552370942,31.86609123156358,0
85.88252953958643,31.940899928983075,0
133.95121697829043,19.7348470058894,0
104.20487030034535,22.998791850608267,0
137.7906925750856,14.768130952162252,0
82.32533928593014,33.772118750645205,0
149.50621664104543,29.34249738927012,0
82.4430493980204,48.8115706944059,0
54.20977991100431,8.011940433799182,0
113.91447865554929,24.979457756473888,0
67.70578276556725,37.08356447299353,0
107.70965550691767,24.359213692632714,0
59.5132200186772,38.724573282801444,0
120.56116659673839,29.00824136220617,0
158.39578919041978,19.299152336738473,0
51.7586583196015,23.080919301187556,0
98.55844358862939,32.43339449322692,0
92.37144603413842,33.520553965142966,0
60.42284838062562,44.437646040732595,0
97.40215163812672,41.172958315881274,0
110.83792706423684,34.567532191537836,0
118.01762341773195,34.47708560017315,0
120.324678252109,43.29152530132431,0
106.21454504697118,37.09003757588512,0
97.16230818635803,44.40117215449473,0
78.61059733688109,48.00940432910816,0
98.73009409799249,15.692248978819519,0
104.0510172944133,23.18948342525119,0
126.58348315131704,23.473760206976092,0
85.89044096807672,11.104592690544692,0
85.69681831085657,5.761206733710434,0
49.912594854134774,37.604146561442974,0
124.84918287058295,34.254575617849646,0
69.42152944666708,29.5228864385802,0
99.88607771114012,18.416353108074574,0
147.5416286401334,38.77362290575671,0
93.01249929400892,30.268858389945308,0
106.58964298335702,9.582651315757094,0
92.18356485156222,23.180157520022014,0
68.32599418731678,27.188997071140452,0
156.84783943841927,36.4084286126701,0
81.93773440652319,35.72582781356159,0
144.25150435751084,39.246336829127685,0
101.88567786666142,23.530632222944263,0
122.07975986448996,33.934853854217494,0
128.30849521227896,36.351718016819696,0
133.18977104823398,24.64764788439432,0
141.65965823393825,31.975996046923996,0
165.62551096524413,23.10812181910432,0
154.89599553610407,31.97910783462648,0
79.40035399738545,25.161141659456785,0
89.86972863802026,34.241659464019165,0
116.53350983757892,24.26299996061421,0
99.22984016970584,51.42270358611864,0
154.62971173785942,34.36323669674032,0
101.20177550019997,31.20031326718261,0
119.4011417927719,19.772074348015945,0
91.86103925454665,13.314159261224106,0
112.62454362037336,36.47195939702741,0
84.72030244574898,45.73986763290033,0
61.23788627286214,15.356251197901798,0
107.09778971616366,40.470983026121544,0
153.2504692003613,25.4111573713106,0
134.11088302011595,29.614915304992927,0
94.54104545861959,38.83659937486672,0
120.62826065623491,14.236078430157505,0
146.69230562275408,43.800913541474515,0
80.21797043981834,33.95803533437409,0
115.62260621530729,32.60673765823907,0
82.59782305719105,23.283766320619485,0
99.19190932177396,41.72729019259364,0
117.1901462493805,26.29385667913894,0
124.40325593064003,1.5145737936992454,0
136.32716111054384,12.602862212219005,0
88.53861107870479,18.80330105373856,0
59.0585769229395,41.608267873785195,0
85.20998939457492,33.46503881730716,0
98.51624101608188,34.770408272231215,0
102.42932149911735,17.170077758114303,0
131.50472306704694,25.062434168386876,0
50.77655835645789,25.718848390340874,0
147.45819159201855,38.50221742113493,0
88.97465144192003,26.507422956815713,0
89.82900662808159,50.76747983560841,0
112.07785948218148,34.300416471910694,0
132.5804235032601,32.387891590265134,0
91.8083680922911,28.036501509150217,0
97.73576936914985,29.627777634901584,0
123.00966650721735,30.519458858072994,0
123.16811349122862,29.192834198914177,0
102.48666305639662,10.017993154678923,0
128.97682535105696,33.46488475897993,0
131.55985075031367,1.0374462180631063,0
166.04020674988828,28.60410371844826,0
135.04381764751517,19.60094072874469,0
119.37761230713504,19.46584436826344,0
80.27469350485208,49.14031353866786,0
93.97009303878795,32.17432873179723,0
127.51395747590445,34.95681887972604,0
104.75666343402519,33.64961002466225,0
176.00267413299508,29.423812029664145,0
106.35931022907899,40.50654396007612,0
134.95979960529837,41.8703030556038,0
120.1984231199728,18.569950872695166,0
151.6536404401036,18.53654606981312,0
109.57017370900058,22.457241499806422,0
97.97176739408843,33.2876241030348,0
110.16220743352315,34.21920754235285,0
151.03003096106124,34.5353430151398,0
92.27908926638503,39.64087168288357,0
137.6143595455595,17.723921848630077,0
118.89144895069235,37.01172742310898,0
90.59021580843259,43.75706813311619,0
95.25482569343589,31.25576453471542,0
94.52698836462532,30.155790475814676,0
65.33273783312154,15.599491174057057,0
150.422677404617,21.530386516816723,0
68.64942120852477,8.466098863962852,0
79.79425539579343,16.76910206592502,0
151.92507858557045,40.09817089342634,0
78.23877536607326,52.52435805344309,0
131.0461506703785,26.751686164913774,0
20.961851441581217,52.90942572590742,0
56.057860311684124,13.546012530431081,0
132.33651633092813,54.39752406339273,0
143.7745500955413,35.639091200523595,0
118.80778367936286,38.53415558780308,0
123.9994292514578,32.811914239693756,0
103.29512823191901,29.374068721004775,0
76.15754624068873,27.19324923133226,0
46.46400486840103,29.016603732052502,0
68.7380042681553,18.96410682784229,0
105.68875255387599,43.92002286344599,0
129.03972088122762,14.29499396376823,0
68.70521051849559,39.40771187988216,0
68.93102064016745,27.753668500029754,0
117.39417464674065,20.316555451363648,0
103.33226609014305,16.659745050817953,0
80.98308533984985,33.19781934142537,0
49.62511503664582,34.40474737960399,0
99.37899827159278,35.524899544171475,0
107.08078663948626,43.64140429973844,0
103.95994647229173,25.70594458874747,0
103.86738661733365,35.43298029036388,0
101.54509108865231,30.405916912038823,0
77.80107368024802,23.37099082449052,0
55.64572682953432,47.495767431869396,0
60.66559078417377,23.070948022040927,0
77.28196753187875,38.949243769444415,0
90.6728722146327,42.477420726737336,0
78.70235644620759,32.78994162223802,0
73.58400674989184,51.45149127773388,0
62.44484050251686,33.09820710227027,0
120.0417847210277,34.137990974514985,0
94.14068975626124,28.701793002665738,0
101.38544039098632,28.529979983715116,0
130.48053398143372,52.10523001591351,0
82.37056182542335,16.301970204209223,0
97.20827650704922,55.79709337654319,0
74.58557867663846,46.391168054440676,0
153.05355804800232,24.464117582920053,0
117.99282480321412,46.283966231285376,0
88.01092814325166,27.964196398976384,0
81.6056344047388,19.852432693071332,0
79.46804123988798,17.760597332377436,0
101.07781390257209,22.30026768941358,0
107.39295966117977,14.441043537963727,0
110.46335166523103,38.33528961608925,0
36.95254317214838,33.74056569847572,0
138.82230228979714,17.903589813087947,0
152.89138293911373,34.190190093660455,0
77.70556758381332,29.44230922342294,0
117.65584722538227,30.760053914124114,0
117.03696039194998,20.793264069206337,0
105.35565950356997,15.862855030950199,0
96.48272310968487,20.960923585352102,0
76.74050094163451,42.36093175210438,0
134.51025614670917,36.09138120907177,0
65.45803746359144,26.835915503051982,0
138.36151756245815,31.417169136399046,0
173.34363990852717,33.93317839394372,0
106.07312630731502,26.908835357974986,0
104.22293419911684,28.475301636194562,0
122.39236249263723,39.56702316794584,0
75.14483087907915,16.68767046442222,0
41.93408769154301,35.079913269125434,0
65.10848430320557,8.471094070475171,0
112.28793440327671,54.92999517432791,0
99.80802092060537,38.38490774451642,0
102.58767152480873,29.011103468088574,0
129.06375030138344,27.097254558113487,0
108.45568741290306,33.216978061960134,0
78.87312483472829,39.92042349536523,0
94.46728669973615,22.442548405071552,0
116.96593092783118,21.015320182089628,0
100.89116644386084,29.908810033557966,0
134.339032891051,34.746982328799525,0
99.20857807458276,38.17766299200287,0
143.96222275254888,35.578103063518626,0
100.32737858454938,16.881637676498404,0
66.3181485771664,26.947752956453325,0
80.72553179511667,28.13028697014554,0
101.79142791952339,35.29692754356731,0
97.77063289074567,34.86501643826202,0
102.03886001606473,10.245334336461287,0
70.29560668721487,28.559124442783844,0
61.746093390904335,35.99928729996205,0
148.40659160404627,42.18761851697317,0
93.25034377535201,44.90726136849952,0
104.70127778704276,26.629140288819606,0
80.60250460396705,26.975303135118715,0
87.72477118531837,31.704162223754878,0
105.07779513078287,30.030460201534144,0
113.81719813063741,41.906462747863415,0
130.02753829626596,15.151020315500965,0
19.237922492676745,39.34319911239274,0
56.77550027840883,27.752345981073166,0
62.997777178204664,11.980195624199801,0
117.12255489215823,37.59155160302647,0
81.76914038927175,4.089577078550903,0
82.72623384300172,33.91804005402547,0
53.23270984701001,31.833599197791557,0
99.51586005979689,35.792914996010886,0
103.78146327630782,20.269310591184443,0
137.83891328507752,28.4147042697303,0
99.13655464686558,20.66732040926804,0
85.98218439907939,21.15197285973099,0
94.53096538290018,47.11708480142343,0
56.61667663748705,13.86438602123259,0
146.52249060935637,27.90676322848134,0
78.84206225508069,40.39904687396076,0
80.84875508039299,48.260097135469366,0
121.43789838186353,25.120885918542974,0
168.22007568907264,23.942850769966615,0
123.46711616619375,32.99292580406492,0
141.16467398784602,45.615111967268525,0
101.01206005623372,22.465821296538167,0
114.54559631916145,23.22284630247894,0
163.66889514121343,31.365353310827373,0
88.44751819507663,31.846803058649083,0
57.40012629194721,20.283859614893487,0
137.96042084048077,23.431057210286042,0
66.89376787279977,35.36652752527286,0
137.49525759859628,37.18953310665067,0
131.49779345286146,22.432049114305393,0
55.03839891573159,45.01333651955487,0
89.79596754242782,27.491669835449528,0
142.00118663135788,35.5623000940066,0
114.41643717197601,51.65002344901084,0
79.65016676157785,39.278401280812375,0
101.8029133119844,32.68592278863257,0
148.33441559117065,35.07835756289624,0
117.02241665334887,40.72507337309802,0
88.45918136349061,21.607903326609936,0
66.96023226608756,10.336434106239981,0
165.02297871689223,18.96791634278317,0
93.0033460890341,27.231867001110793,0
109.72105333067852,38.15737212539297,0
127.21056089407179,24.169225614310616,0
94.71514737964176,32.825799504882994,0
92.13569607387653,46.07345576019993,0
115.52599121267893,37.348777860498174,0
120.96214627251032,41.73473857485325,0
105.72440431097591,17.031680520441533,0
112.63924280865835,23.48643106208171,0
83.28367276510406,35.863640187550935,0
139.15794893759272,30.212715767360617,0
109.76615736464203,47.02214944635238,0
107.61328401111207,56.01683114180395,0
117.88298518990369,12.392372408441823,0
123.82275378893894,33.81158384882778,0
140.78556321376507,36.73181351269958,0
95.62163734931481,17.757017637106344,0
93.39010423028775,21.494795457907,0
81.64223663478646,35.8857840442061,0
152.80701708725002,33.94671529822981,0
62.18285708752381,34.446026682201406,0
137.84081017673617,23.902170956806177,0
95.7620050775117,30.14688194729197,0
75.17933599036186,36.48280433843859,0
96.17528371618887,34.195324439070276,0
71.93503312562235,25.625416996765896,0
122.84370429980862,26.27166847908233,0
154.61139206673744,26.003638143853976,0
107.10515488826248,39.325908318730896,0
55.14733728797524,12.39191188019224,0
51.75451119340168,42.62584103427182,0
82.54871313662373,55.58199285668252,0
82.15692423962086,31.84551303197037,0
148.76579852528712,50.06092888159123,0
165.19046706754494,42.083662305931426,0
132.38370047989193,35.92526949201183,0
124.61393842706377,24.488142836714665,0
74.12627949378926,29.96625542589048,0
94.6182897008523,25.46771950672725,0
122.02170467914053,39.553052085705104,0
102.79567121525756,44.77530081055262,0
63.8966201951819,28.06340540720282,0
77.33208789247695,11.3346338292694,0
97.38540714232232,28.782524916167166,0
147.8594831284216,36.30811684554777,0
67.61236885584958,48.54092566334188,0
138.61247577672663,35.82097703468616,0
92.8379439382381,20.405607632765204,0
88.22978827067215,40.88748619704186,0
159.59585173916264,45.43243528272189,0
84.54122394299036,18.803825667109887,0
104.45521431232267,12.315606344371485,0
110.21946043054214,28.52397413701331,0
85.26263181319038,14.052969327332045,0
116.24146143265514,24.672991603380886,0
63.00398126178476,1.2773778671835068,0
99.12990230436719,47.72251596669744,0
152.533629019136,25.429037434137282,0
80.95638254833969,34.68774256075024,0
68.4282802941747,33.01791899819466,0
124.22558550231479,42.26933223884308,0
96.8328500137265,27.963262498230343,0
72.23575279882881,21.7311964596014,0
92.83810859640113,33.67365506816178,0
128.89008254210682,21.96821049319655,0
147.20295715209403,27.288763989574313,0
99.32430682423698,22.527883208521764,0
23.338791820580994,38.8404539636105,0
123.3010499480681,27.186724428817865,0
102.11843248518869,35.15939217704099,0
50.587961437790284,24.709473226537053,0
125.11685452628899,17.457105768307507,0
109.28311690855756,16.43418195376595,0
114.74981113482269,29.643585177025166,0
48.9250474033482,41.64739354457171,0
76.77017467343664,21.89747562985619,0
106.34255491721316,41.48637349428715,0
67.87689355133008,30.616798498479717,0
113.56036839306957,36.93105607263144,0
105.57957188578533,26.329721609166775,0
73.82929933468733,30.861438830463747,0
66.09598753802916,0.7864951650539282,0
113.80523316015275,39.039348410861955,0
25.27751546598786,19.902692952900622,0
119.57937687774799,50.574954697116986,0
100.65755477254014,22.719970587708655,0
94.21630670169863,43.74876419148185,0
79.57281907085476,22.008079933497463,0
84.7343094421276,20.466713917412875,0
103.87917599836138,46.246784584695604,0
110.21666367838257,27.476464978737123,0
90.77211743322988,14.36809191303343,0
127.92638319748737,29.22162802987198,0
94.29272401143245,61.93107567844861,0
109.4473964803514,22.482089499048158,0
86.5173889827612,41.48445709196755,0
103.58192488801673,15.617220216826333,0
129.06857124387545,23.31855914461006,0
159.23887708575847,40.80048065714649,0
85.8544396245416,42.81016361735113,0
102.14577965060128,38.52773675122219,0
115.32859759280798,21.536433450091266,0
79.64916742057383,40.29960817581161,0
89.41347446104035,25.963515367580033,0
69.79637204601141,34.235990655934614,0
165.22276475663188,19.32467085745727,0
100.7658864677768,44.12220555415429,0
97.48151807638945,34.52371796249734,0
66.40416679633657,34.28307097207649,0
94.08197871547485,39.85729995679863,0
137.5484438485875,55.895636420186136,0
118.32961034745799,33.257963165821664,0
106.14697134365443,26.468337071893117,0
110.70379896506836,27.045985898609707,0
105.32720381867557,43.1759753560796,0
68.17032931807618,41.39878561129045,0
141.65083553320028,28.81931473008921,0
32.901056547462886,23.921780129055676,0
141.01456879950413,29.771319377011178,0
68.39928875057412,24.952250787717826,0
126.58273930505499,35.4673356820138,0
92.4443036049854,26.331755881853123,0
87.61151957089808,20.775898155014975,0
151.08266455588307,26.7767953078866,0
138.48993199290055,45.213160519224516,0
131.56936251115926,25.683796872819517,0
112.76706645409222,29.75804393609084,0
71.4224379436052,33.24359281721603,0
62.71548807965765,41.87679388461564,0
85.30751100225481,32.01159655872839,0
108.95834907587015,27.410950262959226,0
118.55288701764523,25.250963433774757,0
127.55283979114127,16.540203197532513,0
103.99647321101091,49.389289990582846,0
68.36674599433148,23.222550294751485,0
116.25119312361556,31.795817819395978,0
111.08789729915398,34.891871301476634,0
120.07165520462152,41.09699841956223,0
112.95960383525244,27.587423453814576,0
121.26864790130159,48.99881934895215,0
95.80575266829949,20.254706953293585,0
135.00896468490453,28.79618836046402,0
31.29415631711639,38.47421677150422,0
83.07143636699446,29.094667176958392,0
110.49813982973708,31.904996797790663,0
122.43483632304647,25.645136294301565,0
116.22583002875092,27.40453322416083,0
123.36323878808808,36.153674840130535,0
70.41883090067472,40.85982116175032,0
83.05134770848964,38.08057798281145,0
111.61464466032322,48.38183676795123,0
92.9333851613791,26.506832038818025,0
99.38589814131949,26.968202171657246,0
125.29638405943949,13.836893915634121,0
66.6796362502131,19.32197078420807,0
130.05136468386445,47.10613372581925,0
96.69702569596909,28.311782768099892,0
102.21524390459285,41.61878302608191,0
70.67451900662019,32.38368982734785,0
130.83845678910131,35.01094169939845,0
105.99509710948813,40.01046092567141,0
14.516289096027691,36.77875319530908,0
79.31631079186776,11.693671031435432,0
116.16564560297849,43.73658545162958,0
95.65349632769524,39.528745472029385,0
150.98471517212684,43.14914453584048,0
151.86023194699706,37.42127491071892,0
102.38542111123715,13.980341881028316,0
92.21882090781216,21.567534046838084,0
168.6512365704857,28.241141875676632,0
103.8960780811994,35.51485376040468,0
101.37883042092301,46.95051040430753,0
80.31009833269043,31.946074552372426,0
76.5210185351493,16.799774887792942,0
80.65416270648697,29.62963202951588,0
86.42427165948479,23.07579020126144,0
55.528337015259034,29.168944273713052,0
52.416563764015535,37.60055963689602,0
102.60697389014581,15.424485005350695,0
90.22195043323934,22.47843594409417,0
110.09318423993754,43.40450446023144,0
40.70183990276494,31.15026079147417,0
94.93615637919304,36.713400764504655,0
106.74186934699267,22.48030668261181,0
89.91062866852654,22.039741431965112,0
134.0263333657205,30.21311648671942,0
96.39691071147787,42.87272815908004,1
244.81575030507315,76.125079487628,1
304.89787570748837,96.28912531675684,1
183.35180325910432,80.74570913459428,1
282.75005243432446,120.61366095034415,1
225.79260313473873,90.94783137600072,1
108.3096884209099,59.446599715806286,1
218.27136331575537,74.87252692871701,1
320.4460317316826,112.94055491936537,1
215.52410918460453,72.66626097063279,1
206.85887901260563,83.40083298564349,1
214.91049904863257,76.81586373266754,1
189.00065629956714,81.86267824396171,1
253.85566017234123,117.1564418150223,1
205.3089432640705,82.10629014294565,1
160.37235097870456,69.11841636989642,1
146.77604008908554,65.0469419221085,1
231.99133546246733,95.90171417664192,1
262.0345799626989,103.16589004614889,1
202.65661956672128,78.23776355422827,1
214.63018928693688,60.77095506562941,1
229.59748206891757,91.5841381435778,1
195.42351994929163,65.09112845481144,1
134.36579894261217,45.76390079781086,1
145.3182020496862,66.34880603622972,1
228.12041656083807,112.84598291363648,1
261.483262665152,113.46586014507176,1
148.05698851803984,53.09801778556416,1
124.95068416493253,50.43720260885725,1
183.1781533470862,77.4691505034231,1
204.05788001835037,91.91955698320612,1
163.7274737631345,44.64107167777629,1
135.47543511196014,35.84460220647923,1
139.04368643998282,73.20317851153423,1
261.2527412588384,96.1682008478389,1
261.2657060401103,98.7086391593935,1
213.67319978449268,94.88921321649795,1
122.78392320081382,70.98156227266642,1
231.5531663819282,88.35982012465992,1
295.2125875598646,102.96656920032058,1
140.7646149206539,80.13549978171163,1
269.8191797977048,96.82163786698096,1
200.30954667845097,83.7353440983769,1
242.50815675553142,100.40063967667987,1
225.94087050521546,88.91247753211357,1
170.1344545398884,69.60687032224187,1
224.2798197515416,87.09797272262664,1
206.3227433839944,77.42800707044626,1
207.67216140134067,103.38616326584753,1
170.55575846685713,65.8464461711821,1
163.28016912392528,62.7979964218259,1
134.42602322779942,61.783007811081475,1
204.0508355013102,87.21677148572593,1
290.36165692101764,97.11085207798632,1
264.63755258153174,104.52406568753689,1
96.34308415913466,72.52389326287654,1
163.12273401567407,73.54771899437961,1
300.5730831736263,108.25407546073151,1
245.54130650973272,87.93798985484243,1
211.0933483410626,77.7799979356871,1
305.0907891440247,126.54575625586716,1
257.6288561935564,103.3122257451844,1
90.42524840043784,29.661573598189996,1
339.3678356914171,125.18519604665352,1
131.9440721102535,81.47860007153565,1
265.15308214100764,109.28437120658673,1
225.84495588416385,87.6943912760007,1
61.63569453647219,12.008070251118923,1
184.24894726012107,80.52924198749803,1
140.2951189315538,60.32507664706556,1
184.75701616128734,69.58305473010215,1
186.68720300715816,70.88740735044446,1
167.54249095938928,63.82981613146412,1
179.52004092942113,72.43720332709948,1
138.69978415659068,57.83173987676926,1
291.7455240892232,128.51850281298056,1
252.11709136568456,89.81850875101276,1
226.97925690654898,107.25628032427679,1
303.96927273120264,157.08944398201095,1
141.41256654848075,62.33852536315638,1
201.84384859781386,84.34336088871332,1
168.92595269198802,77.45230075945256,1
169.28911354068194,70.38684854531087,1
211.39083962640512,82.03741775364207,1
206.06212579828735,96.80343545979204,1
179.46749968903055,34.73347201235167,1
163.38545968528305,69.67722478362134,1
202.59286882892738,75.88005418899995,1
134.76656159354025,69.38332835323574,1
240.570861312404,99.50089022480499,1
258.6529940934164,82.71483398686479,1
230.74603144174756,101.9490391858109,1
145.86301636185547,67.65179925412679,1
158.30610813401597,72.05663815680423,1
233.29307841863732,97.26993395434519,1
153.22946901678296,73.35828620844322,1
132.1942462971483,65.38420826078665,1
176.47584428061668,85.6015522350552,1
205.01445698107716,70.34287376589903,1
211.9191306379449,74.53804169193943,1
